{"loss": 444.83147138078635, "Memory_Length": 107, "Total_Reward": 509.7068353707028, "Episode_Length": 107, "learning_rate": 9.999999747378752e-05, "_timestamp": 1670538308.9945557, "_runtime": 32.90838670730591, "_step": 0, "_wandb": {"runtime": 40}}